Part_Name,Description
021125A,NOZZLE BODY 12 INCH OAL 7/8-14 1+3/4-8 THREAD
061-00000764,SPACER THREADED
061-00000765,
064-00000104,WHITE PLASTIC  CUT ALONG 43.2 IN
1.0X72 IN,1.00X72 IN LONG SHAFT W 1KEY 1/4X1.1/2 and 3/4-16x3/4  LONG THREAD
1.0X77 IN,1.00 X75 IN LONG SHAFT W 2 KEY WAYS 1/4 X1.1/2
1.125 HEX X 5.0 -4140,CONNECTOR 5/8-11 EXT  /5/8-18 Internal Thread
100X300X3.2,3.2X100X600 PLATE
10607499,"PIN, HEADED"
10626229,"PIN, CLEVIS"
10654901-001,POWER STUD
10655477,TAB
10656930-001,ADAPTER - REV A
10657074-001,ADAPTER GROUNDING
10861627,RING
10875594,"SPACER, SLEEVE"
10888409,"PIN LOCATING, RACE R"
10891962,HANDLE SPADE REV A
10895440,"ADAPTER, SWITCH SHIF"
10895595,RETAINER
10895736,NECK FUEL
10895882,HANDLE
10903039,SLEEVE HALF
10903060,CAP (LASER CUT PER QUOTE
10903140,CASE
10903473,PLATE WARE
10903693-01,RETAINER
10903784,COVER
10918563,HINGE FILLER-REV C
10925502,SHAFT STRAIGHT
10925796,COVER
10925988,SCREW
10925989,COLLAR
10925990,PLATE
10925992,NUT
10932560,"CLAMP , PANEL - REV C"
10952604,TURNBUCKLE BODY
10955764,Cover
109ALBAR,WARHOUSE SUPPLIES
10X1X642,COPPER PIPE
10X25BR,
10X25BS,10x25 BRASS SCREWS
11010160,GUIDE FIRING PIN
11450720-1,"SHAFT, STRAIGHT"
11593708,PIN
11605041,PISTON SET
11605042,PIN
11627705,"RING, RETAINER"
11628304,SPOOL
11628524-2,SPACER
11628582,"PLATE, COVER"
11628645,PIN
11628921,GUIDE SPRING
11629362-4,PIN
11629390,SPACER
11629583,PLUG
11629715,SEAL
11636936,"KEY, MACHINE"
11691414,PLUG
11747247,PIN
12 HEX NUT,HEX NUT
12 IN BENDER,12IN BENDER 4 COMPONENTS
12-N,12 HEX NUT
12-NUT,HEXAGON NUT
12-WASHER,WASHER
12012168,ANCHOR
12012169,ANCHOR
12012170,SHAFT REV D
12012176,SHAFT REV C
120ALBAR,WAREHOUSE SUPPLIES
12268279,SLEEVE
12274768-2,PIN REV-G
12278978,BUSHING
12278979,PLUG
12279017,SPACER
12280532,"PIN, STRAIGHT, THREAD"
12280536,"PIN, SHOULDER, HEADLESS"
12281662,STUD PLAIN
12282027,"PIN, SHLDR, HDL, REV-D"
12282056,"PIN, SHLDR, HEADLESS"
12282988,FLANGE
12283082,"NUT, ADAPTER, BOOT"
12283834,"PIN. STRT, HEADLESS"
12284022,"PIN, GROOVED, HEADED"
12285188,PIN STRAIGHT Rev-C
12287035,"PIN, HINGE, REV-E"
12304481-1,PIN - REV B
12304762,"SHAFT, REV-C"
12310868,"PIN, STRAIGHT"
12316549,"COVER, ACCESS"
12322471,"PIN, STRAIGHT, HEADED"
12323558,PAD EYE
12324242,PAD REV-B
12325400,"KEY, MACHINE"
12332660,"PIN, GROOVED, HEADLESS"
12336646,STANDOFF THREADED
12336861,SPACER
12336892,"BUSHING, SLEEVE"
12364169,"BLOCK, OIL LUBE"
12364260,PISTON
12364289,HOLDER
12380488,LINK
12384928,"BEARING FLANGE, REV-A"
12387350-10C99,"PIN, STRT, HD, REV-C"
12387350-9C105,PIN REV C
12423357,BRACKET
12446223,PISTON VALVE
12446277,SPACER DISK CLUTCH
12524493,"KEY, MACHINE"
12529617,"RETAINER, NUT REV-C"
12548781,"NUT, SLEEVE"
12553332,"PIN,SHLDR,HEADLESS"
12568991,"BRACKET, OUTBRD REV C"
12569629-7C49,"PIN,STRT,HD,REV-E"
12569630-8,PIN-REV-A
12589783,EXCENTION CLAMP
12592238,"BUSHING,SLEEVE"
12639249-REPAIR,RETAINER (ADDED MISSING POCKET WITH 1/32 RADIUS )
12662073,SLOTTED WASHER
12663156,DISC
12663372,NOZZLE
12674462,TUBE
12690769-1,"PIN, HINGE"
12690769-2,"PIN, HINGE"
12734401,BUSHING
12922399,FITTING
12991295,"SCREW, MACHINE"
12MM WASHER,12 MM WASHER
12X30,BOLT
12X45 SHSC,HEX SOCKET HEAD BOLT
12X45B45,BOLT
13091729,"RELAY SPACER, REV-1"
130ALBAR,WAREHOUSE SUPPLIES
1386385,WASHER
14922399,FITTING
1528243-7,"INSERT, NYLON"
1550306-1,RING-GASKET RETAIN
1550306-3,RING-GASKET RETAIN
1550306-4,RING-GASKET RETAIN
1550306-6,RING
1550306-7,RING-GASKET RETAIN
1550306-8,RING-GASKET RETAIN
156260,PLATE
16103950-001,LOCKING PIN
16X10X60,16X10X60 mm KEY
16X110BOLT,M16X110 BOLT
180-BOLT,20MMx180BOLT
1W209701,DIE CLAMP FRAME
2.1/2 X 2.00 PT,BUSHING
2.1/2-2 PT,FITTING
20000067-1,WASHER M18
200X600X3.2,3.2X200X600 PLATE
202259,PIN
20655752356,HEX BOLT 3/8-24 UNFX1
207X7501,CLAMP LEVER
207X9301,EJECTOR PLATE D
20X180,20X180 BOLT
20X200,20X200 BOLT
20X47,SHAFT SPACER
210L65,FLANGE
2122704-1,"RING, RETAINING, DOW"
2122704-4,"RING, RETAIN, DOW"
2122704-5,RING
2122704-6,RING
2122704-8,RING
218X1201,CLAW
236W0801,COUPLING
2528674,"RETAINER, SPRING"
2531543,"PIN, STRAIGHTHEADLE"
2531789,PIN
2532355,"RETAINER, WIPER"
2532988-5,INSERT
2584344,CLEVIS
2584355,RETAINER
2584863,HANDLE
2585371,WASHER
2585712,PIN
2586942,LOCK HANDLE
2587624,"SPACER, SLEEVE"
2587912-3,STRIKE
2588714,"ARM, THROTTLE"
2588757,TSK3449AP ADAPTOR
2589135,BOLT
2589698,SHAFT
2589797,"PIN, MOUNTING"
2589899-1,ROD REV B
2589920,SPACER
25X17,SPACER
2600133,"WASHER, FLAT"
2600169,SPACER FLANGED
2600347,SPACER
2600650,BELLCRANK
2600687,"SPACER, SLEEVE"
2600714,"WASHER, REV A"
2600716,"BRACKET, FLAPPER VAL"
2600804-2,STUD.PLAIN
2600847,SHAFT
2600862,PLATE
2601183,"GATE, VENTILATOR"
2619359,CLEVIS
2624107,"PLATE, COVER"
282S4906,STOPPER
2900713,"PIN, STRAIGHT, HEADL"
295X2801,EJECTOR PLATE
295X2830,EJECTOR PLATE
295X3001,EJECTOR PLATE
299X4701,VALVE BODY
299X4801,SEAT
3-3W1818,
3.2X100X600,STEEL PLATE
3.2X200X600,STEEL PLATE
3.2X50X600,STEEL PLATE
302F1305,SPACER FOR SCREW ECSX 1A 1B 1Y
302S5301,
30700117,PIN
307S4001,BUSHING
309N9202,BUSHING OILESS 500
309N9206,BUSHING G F/ CROSS HEAD LINKAGE EC390SX]
309N9207,BUSHING G F/ LH GUIDE CROSS HEAD LINKAGE EC390SX
309N9302,BUSHING
309N9303,BUSHING F/LINK PIN 1 EC310SX SXII
30HN,M30X3.5 HEX NUT
310X1601,SHAFT
320X9701,
320X9702,
320X9707,
323T7801,SLEEVE
323T7802,SLEEVE
324N9802,KEY
324N9807,P SQUARE KEY
32S5301,3 wks
332S9401,
348T5501,SPACER
348X5301,PISTON
348X54 03,
348X5401,PLUNGER SLEEVE 75MM ID
348X5403,PLUNGER SLEEVE 70MM DIAM
348X5405,PLUNGER SLEEVE 95MM ID
349W3201,PLATE
3509102,SS PIPE CUT IN HALF AND MILL RADIUS
3509104,TOP CAP
351X10G03,
352T8022,LINK PIN
352T8202,
355S0202,PACK HOLDER
357X6501,FLANGE
361W7701,
361W7801,
361W8301,
362X2701,
362X2701-G,SLEEVE 01 on the drawing (75 mm ID)
362X2702,
362X2702-G,SLEEVE 02 om the drawing (80 MM id)
362X2703,
362X2704,
362X2705,
362X2706,
362X3501,SLEEVE
362X3502,SLEEVE
362X3503,
362X3504,SLEEVE
362X3505,
362X3506,SLEEVE
362X3703,
362X6101,BUSHING
362X6102,BUSHING
363X1401,BUSHING
363X1402,BUSHING
380S5017,PIPE SUPPORT
382S4906,STOPPER
384G5019,WRENCH
384G5103,END CAP WRENCH i4~10 67mm HEX ISG10
388W45-11,EJECTOR ROD WIRE TYPE FOR DC3500CS
388W45-12,EJECTOR ROD FOR DC350CS
388W4511,EJECTOR ROD
388W4512,ROD
393T23,
393T2401,COUPLING
394W32,
394W3202,EJECTOR PLATE D
395S8001,PACKING HOLDER
396W7701,
398T59,
398T5901,
3F0222,WELDMENT BRACKET
3F056801,HYDRAULIC BLOCK DC1650CS2
3T987501,JAW
3W181801,
3W3271,PLATE
3W327101,LINER
3w382601,
3W543601,EJECTOR ROD
3W543604,PLUNDER ROD
3W549401,
3W682601,PISTON ROD
3w682701,
3w682801,
3W6829,
3W682901,
3W766901,PISTON
3W7670001,PISTON
3W768001,
3W887302,
3X352701,FLANGE
4-416S17,
4-417S15,NUT
4-430R5505,BLOCK
4-437R78,
4-438R2101,1X150X2970 PLATE
4-438R2102,1X1503340 PLATE
4-469R8903,
4-469R8905,
4-478R12,Shaft
4-478R2301,
4-478R2304,
4-478R89,
4-478R8901,
4-488S63,
4-497T95,
4-4T1234,
4-4T123401,LADDLE PIN
408R411,
408R4503,HAND
408R8410,
408S1501,
408S3406,up to 4 weeks
408S4503,HAND
408S4504,HAND
408S4505,HAND
408S4506,
409V0301,BUSHING
409V0303,BUSHING
409V0306,
409V0307,
409W0306,BUSHING
40X26,SPACER
40X46,SHAFT SPACER
40X47,SPACER SHAFT
40X49,SHAFT SPACER
40X5,50MM OD x 40 MM id x 5 mm thick
413S9601,SCRAPER HOLDER
414R8309,TIE BAR BUSHING DC1250CS
414R8312,BUSHING
414S3203,SHAFT
414S3204,FOR DTO650~800L
414S3501,SPROCKET
414S3701,SPROCKET
414V3201,SPACER
415R6701,SPROCKET
415R6702,SPROCKET
416S1701,SHAFT
417S1404,SPACER
417T6701,BUSHING M250X3
417T7505,TIE BAR BUSHING
417T7507,BUSHING
417T7508,TIE BAR BUSHING
417V04,
417V0401,BUSHING
421T2801,
42323002,GAROLITE TIP
424S1501,BUSHING
424S9703,BUSHING
424S9704,BUSHING
424S974,
424T6601,
428S9001,PIN
429V1601,SHAFT
42X28,SHAFT SPACER
430T26,
430T2601,NUT FOR EJECTOR BOARD
430T2701,
433R3901,SCREW
433R3902,
434S5002,SLEEVE
434S5101,END CAP
434S5201,SHAFT
4359771,WASHER
435V7502,LINK
437R7603,JAW
438R2101,SLIDE PLATE
438R2102,SLIDE PLATE
438RZ101,SLIDE PLATE
438S5701,SPACER
438S5702,
438S5707,
438X5403,
439V5501,PISTON
439V7001,
439V7003,
439V7010,
439V7014,
439W4001,COVER
439W4003,COVER
440T4801,
440T5005,
440W3201,PLATE
440W3202,PLATE
440W3203,PLATE
442S1208,SHAFT
442S1212,SHAFT
442S1213,SHAFT
442S1215,SHAFT
442S1216,LINK PIN
442S2901,FLANGE
442S3501,PIN HEADED
442S3502,SHAFT
442S8207,CYKINDER JOINT
442W3202,
445R0701,GLAND PACKING
445R0801,BUSHING
445R5201,RUBBER BUSHING
447T5402,PLATE (200 MM TOP RADIUS)
447T6102,BUSHING
447T91,BRONZE BUSHING
447T9101,BUSHING
447T9102,BUSHING
447T9103,
447V1003,
448R1301,
448R2524,CLAMP
448R5701,LINER (BRASS)
448R7201,
448T94,PLATE
448T9401,SLIDE PLATE
450R7801,
451R0101,
452S7402,
452S7801,HUB
452S7901,LINK
452S9501,THREADED FLANGE
452S9601,THREADED BUSHING
453W6601,SPACER
456W6601,SPACER
459V5001,4 wks
459V5002,3 wks
459V5101,3 wks
459V8801,FLANGE
45X27,54 OD x45 ID x27 LONG SPACER
45X28,
45X47,54 OD x45 ID x47 LONG SPACER
461T8601,4 wks
463S5501,BUSHING
463S5601,FLANGED BUSHING
463S5701,
466T5201,
469R2705,FLANGE
469R3202,
469R3204,INJECTION BUSHING
469R8501,PACKING GLANG
469R8601,SCREWED BUSHING
469R8901,BUSHING
469R8904,BUSHING DC1650CS-2
469R8905,BUSHING
469R8908,BUSHING (MADE OUT OF BRONZE BEARING C932)
469R8909,BUSHING
469R8911,BUSHING
469R8913,BUSHING
469T8909,
471S1403,SPACER
471S1404,SPACER
471S1405,SPACER
471S1503,PLATE
476S1602,CYLINDER ADAPTER
476S1701,CYLINDER ADAPTER
476W7401,FC MANIFOLD
477S4501,4 wks
477S4502,
477S4601,
477S9101,SCRAPER HOLDER
477S9601,LINK
478R0301,PACKING RETAINER
478R0302,BUSHING
478R0901,SHAFT
478R1001,LINK
478R1502,LINK
478R1601,SHAFT
478R2304,
478R5203,WASHER
478R7201,BUSHING
478R8904,LINK  PIN
478S9001,PIN
479R2801,LINK
479R2901,SHAFT
479R2902,SHAFT
479R3303,SHAFT
479R3501,SHAFT
479R3503,4weeks
481V6001,CLAMP
488S2301,BUSHING
488S2302,BUSHING
488S2303,EJECTOR BUSHING
488S3301,LINK PIN
488S3302,LINK PIN
488S3501,LINK PIN
488S3502,LINK PIN
488S5201,FLANGE
488S6302,COUPLING
49-26701-2,SHEATH CARTRIDGE
490R0301,
490V4203,WASHER
4927301-2,CAP CARTRIDGE
492V7801,SPACER
492V7801-10.39,C PANEL ADJUSTING PLATE 10.32
492V7801-10.42,C PANEL ADJUSTING PLATE 10.42
492V7804,
494R6501,
496S8704,PLATE
496T5201,BUSHING
497T89 01,
497T8901,
497T8902,
498R0101,
498R0401,PISTON
498R1801,
498R3701,
498R41,
498R4201,GUIDE
498R4401,SHAFT
499S1801,RING
499S1802,RING
499S2201,CLAMP NUT
499S2301,SPACER
499S2501,RING
499T31,
499T3101,BUSHING
49R28102,LOCATING RING 101.6 X 200MM
49R282-2,"LOCATING RING 4"" 101.6 X 250MM"
49R28209,LOCATING RING 127MM ID X 250MM OD 35MM WIDTH]
49R28904,EJECTOR PIN
49R29606,EJE PIN EXTENDER 360MM OAL M30 MALE
4R885201,
4R886003,NUT
4T103801,LEFT SCREW NUT
4T122501,
4T122502,
4T122701,TURN BUCKLE
4T123301,
4T123401,
4T123801,
4T124201,SPROCKET
4T448001,LEFT SCREW NUT
4T448101,FEMALE SCREW ROD DAL500-800SVSH-M
4T448201,
4V359501,BUSHING
4V359601,BUSHING
4V361901,
4V362201,
4V362302,
4V708501,BUSHING
4V846603,SLIDE PLATE
4X12 SHCB,SOCKET HEAD CAP BOLT
4X40 SHCB,SOCKET HEAD CAP BOLT
5013611,PLUNGER
50X50X500,L PROFILE 50X50X500 mm
50X600X3.2,3.2X50X600 PLATE
526T1503,1X150X1750
5424078,SPACER
5429242,"PIN STRAIGHT, HEAD"
58527606,
589920,PIN-STRAIGHT
59811501,LINK PIN BUSHING
59811504,LINK PIN BUSHING
59811505,LINK PIN BUSHING
601V4201,STOPPER PLATE
601V4801,PLATE
601V6801,
602F1301,SPACER FOR SCREW ECSX 2Y
602F1302,SPACER FOR SCREW ECSX 4Y
602F1304,SPACER FOR SCREW ECSX 8Y U48
602F1305,SPACER FOR SCREW ECSX 1A 1B 1Y
602F3501,NOZZLE TOUCH ROD FOR CARRIAGE CYLINDER I4 U4
602F3903,BARREL STAND OFF FOR ECSX M6 FEMALE X M8 MALE 35.5MM OAL
602F7306,NOZZLE TOUCH ROD F/CARR.CYL.ECSXII i8 26MM OAL
602R6205,GUIDE SHAFR
602T2801,COVER
602T9901,BUSHING
602V6401,BUSHING
602V6501,SPACER
602V6601,BUSHING
603S2801,DOG SHAFT
603S8303,JOINT
604T2001,BUSHING
604T68,PLATE
604T6801,COVER
604T70,PART
604T7001,
604T71,PART
604T7101,COVER
604T80,PART
606T1101,
607F0501,ADJUSTMENT COLLAR FOR EC500SXIII AND EC610SXIII
607F0502,ADJUSTMENT COLLAR FOR EC500SXIII AND EC610SXIII
607F0503,ADJUSTMENT COLLAR FOR EC500SXIII AND EC610SXIII
607F1203,KEY FOR PULLEY 1L ECSX I17 18×11×47N
607F4001,EJECTOR PIN/ STOPPER ECSX 248MM OAL HEX M16
607F4002,EJECTOR PIN/STOPPER ECSX 269MM AOL HEXM16
607F4601,STOPPER BAR ECSX I78 DIRECT DRIVE
607F7601,[EJE. PIN EC390SXII SXIII 22MM HEX M16 500MM HEX LENGTH
607F7617,[EJE. PIN EC390SXII SXIII 22MM HEX M16 475MM HEX LENGTH
607F9424,SHAFT
607V5001,
607V5002,
608F4901,NOZZLE TOUCH ROD
608F4902,NOZZLE TOUCH ROD
608F4903,NOZZLE TOUCH ROD
608R22,
608R2201,LOCK PLATE
6095T7008,LEFT SCREW ROD
609T0308,TUBING HOLDER
609T0401,GUIDE BAR
609T0501,LINK
609T1001,Up to 2 wks
609T1002,
609T1003,LINK PIN BUSHING
609T12101,BUSHING
609T1303,COVER
609T1602,BUSHING
609T1801,KEY
609T1803,KEY
609T1804,SPECIAL KEY
609T1805,
609T1806,
609T2101,BUSHING
609T2102,BUSHING
609T2103,
609T2104,BUSHING
609T2105,
609T2106,CLAMP BUSHING DC350CL-1
609T2109,BUSHING
609T2110,BUSHING
609T3702,
609T4601,
609T48,PART
609T65 01,
609T6501,GLAND PACKING
609T6502,GLAND PACK
609T6503,GLAND PACKING
609T6504,THREADED FLANGE
609T6601,
609T6602,
609T6603,
609T6703,SPACER
60X5,SHAFT SPACER
611S1101,WASHER THRUST
611S3202,DOG
611S3301,DOG
611S3302,DOG
611S3303,DOG
611S3304,DOG
611S4501,PLATE
611T07,
611T0701,JOINT
611T1501,
611T1502,
611T2001,
611T2301,PISTON
611T2501,SEAL CAP
611V3001,
611V3101,
611V67,TIP
611V6701,ELECTRODE PROBE
611V6801,SPACER
612R6205,GUIDE SHAFT
612R6208,ROD
612R6211,INDICATOR ROD
612R7701,
612T06,
612T0601,
613T0501,SPACER
613T0503,SLEEVE
613T0508,SLEEVE
613T0511,SLEEVE
613T0512,SLEEVE
613T0701,SCREWED BUSHING
613T70,
613V8902,STOPPER
613V8903,STOPPER
614V1810,KEY
614W10,
614W1001,BUSHING
614W104,
614W1601,
614W1602,SPROCKET
614W17011,SPACER
614W1704,SPACER
614W1706,SPACER
614W1707,SPACER
614W1711,BUSHING
614W1713,SPACER
614W1714,SPACER
614W1716,SPACER
614W1717,SPACER
614W1719,SAPCER
614W1720,SPACER
614W1721,SHAFT SPACER
614W1801,
614W18012,KEY FOR LADLE SPROCKET
614W1804,
614W1805,
614W1806,BEARING
614W1809,P SQUARE KEY
614W1810,P SQUARE KEY
614W1811,KEY
614W1812,KEY
614W1814,P SQUARE KEY
614W1904,P SQUARE KEY
614W1906,KEY
614W8001,
617V0601,PLATE
617V7701,LS PLATE (WELDMENT)
617V7702,LS PLATE (WELDMENT)
617W1713,BUSHING
621F8201,SHIM FOR HOPPER BLOCK SX SX2 U48
621F8208,SHIM FOR HOPPER BLOCK SX SX2 U48
621R4701,
621R7701,
622F7436,EJECTOR PIN EC350 SXI
622V9601,SPACER PLATE
622W3101,SHAFT
622W3102,SHAFT
623T9304,SPACER
623T9801,
623T9902,PLUNGER JOINT
624T0003,SPACER
624T0004,4 WEEKS
624T0005,SPACER
624T0103,PIN
624V11,PART
624V1501,
624V3901,COVER
625T1601,LINK
625W0901,BEARING
625W0902,BEARING
625W1701,
625W1702,
625W1703,
625W2301,FLANGE
626T1501,1X120X1450 PLATE
626T1502,1X120X1250 PLATE
626T1503,1X150X1750 PLATE
626T1504,1X185X2210
626T1505,1X165X1965
626T1601,PLATE
626T1602,SLIDE PLATE
626T1604,SLIDE PLATE
627R6901,SPACER
627R71,SHAFT
627R7101,
627R7101-,
627R7401,SHAFT
627R7501,SHAFT
627R8001,SHAFT
62800_28 Rev A,"Thrust Collar, Outside  Bearing w/Purge for 1 pc Mill Disk"
6289429,"SPACER, SIGHT"
6289498,YOLK
631W6501,BUSHING
631W6601,BUSHING
631W6602,BUSHING
631W6604,BUSHING
631W6605,BUSHING
631W6701,
631W6702,BUSHING
631W6703,BUSHING
631W6704,BUSHING
631W6705,BUSHING
631W6901,GUIDE PLATE
635W1101,LINK PIN
635W1201,SPECIAL KEY
635W4211,
635W4215,
636E1301,WASHER
636E1302,WASHER FOR END CAP I59 I61 M30
636E1304,HARD WASHER
636E1305,WASHER FOR END CAP I150 I200 I315 M42 (RUSH)
636W1305,M42 BARREL END CAP WASHER
637R2701,PIN
637R3301,
637R3401,SHAFT
637R3402,SHAFT
637R3501,SPROCKET
637R3601,SHAFT
637R3801,LEFT TURN BUCKLE
637R4101,
637R49,
637R4901,P SQUARE KEY
637R4902,P-SQUARE KEY
637R4903,
637R4905,KEY
637R4907,
637R4908,KEY
637R4909,KEY
637R4910,KEY
637R4912,
637R7903,P-SQUARE KEY
637S0602,SPACER
637S0603,SPACER
637S3802,GUIDE SHAFT
637S4001,BUSHING
637S4101,ADJUSTING SHAFT
637S4301,NUT HOLDER
637T3801,
637T4101,
637V10,
637W9901,COVER
637W9902,COVER
6396V8001,BUSHING
639V8001,BUSHING
639W3401,BUSHING
639W3402,BUSHING
639W3403,BUSHING
640r47,TAPER NUT
640R4701,TAPER NUT
640R4801,SPRING HOLDER
640R4901,SHAFT
640R4902,SHAFT
640R7801,BLOCK
640R7901,BLOCK
641W6702,
642W0601,1 week up to 10 days
642W0603,up to 10 days
643V8201,
644S0101,SCRAPER HOLDER
644V3001,
645V9301,
645W9601,PLATE
645W9602,COVER
645W9603,PLATE
646T2201,BUSHING
646T7902,PISTON ROD
646T8002,PART
646T92,
646T9201,LINER
647R3402,SHAFT
647R4907,P SQUARE KEY
647S0201,SHAFT
647S0202,SHAFT
647S0203,SHAFT
647S03,COVER
647S0301,COVER
647S0401,SHAFT SPACER
647S0601,SPACER
647S0602,SPACER
647S0603,SPACER
647S8701,PLATE
647S9202,SHAFT
647W5301,
647W56-03,1 mm x 100 x 1441
647W56-04,1mm x 100 x 1181
647W5601,SLIDE PLATE
647W5602,1mmx100x1180 PANEL
647W5602-CLEAN,RUST CLEAN TO FINISH #4
647W5603,SLIDE PLATE FOR DC350J
647W5604,SLIDE PLATE DC250JMS
647W5701,CLAMP
647W65-01,
647W65-02,1mm x 165 x 1992
647W65-03,1mm x185x2237 PLATE
647W6501,1X150X1777 PLATE
647W6502,1X165X1992 PLATE
647W6503,SLIDE PLATE
647W6504,1X185X2384
647W6601,PLATE
647W6602,PLATE
647W6603,PLATE
647W6701,RETAINER
647W6702,RETAINER
647W6703,RETAINER
647W6901,
647W9601,COVER
647W9602,COVER
648T52,
648T5201,KEEP PLATE FOR DHS-T
648T7301,
648V4901,
648V5001,
649W8901,
65 45 12,240x260x450 mm cast iron
650E5607,SPACER RING
650S4501,
650S4502,BRACKET
650S5402,BRACKET
650S5701,COVER
650T0901,ROD
650T0902,ROD
650T32,
650T3202,
650T50,
650T5001,SPRING KEEPER FOR DS-T
650T52,
651V7201,STRIPPER BOLT
652S2301,3 wks
654R5901,TURN BUCKLE
654V1807,
654V27 01,
654V2701,FLANGE (B)
654V9301,SHAFT
655S3601,
655S3602,
655S3801,COVER
656E9401,ADAPTER
656R8501,
656R8601,
656T5702,LOCK PLATE
656T5901,JOINT RETAINER
656T6001,CYLINDER JOINT
656T6002,SPACER
659T7202,PLATE
659T7704,SPLIT RING
662T4701,BUSHING
664S2401,
6669216,BOSS ASSEMBLY
666V0801,POPPET
666V0802,
668S3701,WASHER
6701t6501,
670T6401,SHAFT
670T6402,SHAFT
670T6501,
670T6701,SHAFT
670T6801,SHAFT
670T7401,SPACER
670T7403,SPACER
670T7501,SPACER
670T7506,SPACER
671E8209,SHIM
671E8211,SHIN
671E8212,SHIM .2
671W8210,SHIM .06
672C2001,SCREWED BUSHING
672V2001,SCREWED BUSHING
673T6802,
673T6901,
673T6902,SEAT
673T7401,SPACER
673T7403,SPACER
673V10,LINER OUT OF CA932 BRONZE
673V1001,LINER
674W14 01,5  weeks
674W1401,PART
674W1402,PLUNGER ROD
674W5301,
674W56-04,1mmx100x1181 PLATE
674W6201,GLAND PACKING
674W65-03,1mmx185x2237
674W6501,
674W9401,
674W9901,
674W9902,
675V08,
675V0801,
6770960,ROLLER-NEEDLE B
677W0003,PLUNGER TIP
679R4801,COUPLING
680S8401,LS PLATE
680V4801,BRACKET
680V4901,
680V5001,
680V5101,
680V5601,
680V6801,
680V8201,
680W1506,STRIP WASHER
680W1568,STRIP WASHER
680W16,
680W1601,
680W1602,
680W17,
682W8301,
682W8303,
683T0901,COVER
683T7801,
684S8101,HEX SPACER
684S8401,WASHER
684S8501,SHAFT
684S8601,KEY
684V1701,POPPET
684V2001,
684V2201,LOCK PLATE
684V2601,FLANGED BUSHING
685R0602,BLOCK
685R1001,ROD
685R1002,ROD
685R1005,8 MM ROD
685R1006,
685R1101,
685R3501,
685S9901,SHAFT
686E0704,GUIDE PIN
686E1603,BUSHING
686E1606,LINK PIN BUSHING SMALL ECSX 390
686E1609,BUSHING F/ LINK PIN 1 ECN ECNII 160 180 + EC500SX LINK PIN
686E1613,BUSHING
686E4801,BUSHING (BRONZE NOT OILESS2000)
686E4901,BUSHING
686E4902,BUSHING (BRONZE not OILESS2000)
686W0705,GUIDE PIN
688V80,
688V8001,
690E2005,MECHANICAL STOPPER FOR SCREW STROKE
690E3504,EJECTOR PIN
692V6401,LINER
693S3101,PLATE
695R1601,LOCK NUT
695R7201,12MM LH NUT
695R89,
695R90,
695R97,
695T2601,
695T2801,
695T7001,
695T7002,LH ROD
695T7005,
695T7006,
695T7007,
695T7008,
695T7101,
695T7201,
696S9101,BUSHING
696V7101,
696V7102,
696V7103,
697V5001,
698T4502,SPUR GEAR 1.5-80
698T5501,
698T5601,
698T5901,
698T6001,
698T6101,
698T62,
698T6201,
699E1119,BRACKET
699E1901,EJE. PIN EC-SX
699E1904,EJE. PIN EC-SX
699E1914,EJE. PIN EC-SX
6K887301,TAPER SPACER
6R146801,DOG (RH)
6R146802,DOG (LH)
6R146901,LS PLATE
6R148201,PLATE
6R249301,STOPPER
6R304904,BUSHING
6R304904 ( 2933 ),BUSHING
6R3408,
6R341103,
6R3908 01,
6R453402,BUSHING SPACER
6R670801,SPROCKET
6R671201,SPROCKET
6R671501,SPROCKET
6R8936,
6R893601,
6R8961,
6R896101,
6S193905,
6S210601,BUSHING
6S210602,LINK PIN BUSHING
6S210701,SLIDE BAR
6S217501,PLATE
6S303802,
6S331301,SHAFT
6S331401,SLEEVE
6S331501,FLANGE
6S331701,PART
6S331801,SPROCKET #50 CHAIN
6S331802,SPROCKET #50 CHAIN
6S331803,SPROCKET #50 CHAIN
6S470605,
6S477801,SHAFT
6S478201,COVER
6S478502,SPROCKET
6S572811,
6S572815,SCREW
6S572818,LOCK PLATE
6S579201,
6S579202,
6S7279,HEX 26mm NUT WITH M18X1.5 TAP AND 20H7 COUNTER BORE
6S727901,
6S866701,
6S955601,SHAFT
6S9557,
6S955701,SPLIT WASHER
6T102101,
6T102502,
6T125201,FLANGE
6T152501,FLANGE
6T157205,LINK PIN BUSHING
6T157206,LINK PIN BUSHING
6T157207,BUSHING
6T157211,BUSHING
6T157212,
6T157213,BUSHING
6T1577,RING
6T157701,BUSHING
6T157901,COVER
6T169501,
6T169502,
6T169503,
6T169504,
6T169505,
6T169506,
6T169507,
6T251601,LINK
6T252401,SPACER RING
6T321201,LINK PIN
6T321301,
6T5137,FLANGED BUSHING
6T513701,FLANGED BUSHING
6T555001,
6T723102,ROD
6T873501,COVER
6W171501,SCREW KNOB
6W1867,3 weeks
6W186701,
6W187101,
6W187701,
6W187801,
6W261901,
6W261902,4-6 weeks materials offered C932 Bz
6W261903,same
6W269701,SPACER
6W299301,
6W2998,
6W299801,
6W306303,LINK  PIN
6W360,
6W4272,
6W427201,
6W427301,JOINT SUPPORT
6W427401,CLEVIS
6W495001,SEAT
6W5118,PLATE
6W511801,TURN ARRESTER DC350JMS
6W5167,
6W516701,SHAFT
6W5168,
6W516801,SHAFT
6W5169,
6W516901,BUSHING
6W51691,BUSHING
6W517001,LINK
6W5356,
6W5357,
6W6360,
6W636001,NUT FOR EJECTOR BOARD
6W6361,
6W636101,
6W664301,SWIVEL
6W675501,
6W720301,
6W7203_01,
6W7203_02,
6X10,SOCKET HEAD SETSCREW FLAT
6X10 THS,TRUSS HEAD SCREW
6X20 THS,TRUSS HEAD SCREW
7003005,SUPPORT.CABINET
7027645,BUSHING
704Q00610,SET SCREW ANAHARIA 6X10
705W01035,SET SCREW HOLE ROD 10X35
7069195,"HOOK, TOW, PIN, REV-C"
7269294,RIVET
7269307,PLUNGER
7269336,BLOCK
7598810,"SPACER, SLEEVE"
7707842,ROLLER
7709399,PLUG
7710128,PIN-ALR VALVE P
7V1_02-07-01,TUBE ASSEMBLY FORE SPLINED SHAFT
7V1_02-07-05,SPLINED SHAFT
7V1_02-07-06,SPLINED FLANGE ADAPTER
7V1_03-09,BRACKET
7X8X32KEY,7X8X32mm KEY
8 MM THICK WASHER,THICK WASHER
8-SW,SPRING WASHER
80-55-06,240mm x 260 x 450 mm DUCTILE CAST IRON
80084200,LUG
8211686,DAMPER
8211724,DAMPER
8215845,TERMINAL
8267851,"PLUG, MACHINE THREAD"
8348312,VALVE-OUTPUT
8348827,SLEEVE
8349574,SHAFT-CAM LINK
8349811,FOLLOWER-CAM
8349811 - GRINDING,
8350522,SLEEVE
8351579,WASHER-THRUST 3
8351610,WASHER
8351669,PIN
8351670,PIN
8351670-HT,PIN
8351681,GUIDE-SPRING
8660896,BOLT
8668096,"BOLT, PINTLE Rev F"
8669K26,Garolite Welding Pressure Tips
8671869,PIN-REV C
8710628,"BOLT, FLUID PASSAGE"
8712303,RETAINER
8712304,SLEEVE
8725096,"WASHER-THRUST, REV-D"
8725238,PIN
8761230,WASHER FLAT
8769015,ROLLER
8769105,ROLLER
8R002101,PISON INSERT
8R002102,PISTON INSERT
8R394304,STOPPER
8R4078,
8R4079,
8R4080,
8R4081,
8R637601,SPACER
8R637602,SPACER
8R637603,SPACER
8R637604,SPACER
8R637605,SPACER
8R637701,SPACER
8R637702,SPACER
8R637703,SPACER
8R637704,SPACER
8R637705,SPACER
8X10 SET SCREW,SOCT SET SCREW(CUP)
8X15,SLOTTED SETSCREW WITH FLAT POINT
8X15SETSCREW,M8X15 (FP) SOCKET SETSCREW
8X16,HEX HEAD LOCK BOLT
8X20 BB,BUTTON BOLT
8X20SHCB,SOCKET HEAD CAP BOLT
8X25(BS),HEX SOCKET HEAD BOLT
8X25BS SHSC,8X25 BRASS SCREW SHSC
8X30 SHCB,SOCKET HEAD CAP BOLT
8X30BOLT,BOLT M8X30
8X30BS,8X30BS SCREWS
8X30BS SHSC,8X30BRASS SCREW SHSC
8X355,ELECTRODE
8X40,HEX SOCKET HEAD BOLT
8X40BOLT,M8X40 BOLT
900073,WASHER ELEVATION
902S2703,BLOCK
902S2706,BLOCK
902S5004,
902S5103,
902S5104,
91290A063,SHCS M20X40
91290A432,SHCS M8X25
91290A620,SHCS M12X35
926S4503,SLEEVE
926S4505,SLEEVE
926S8601,
9377813,LINK
9398973,COLLER REV C
956T97- 0,303 STAINLESS STEEL BRACKET
956T9701,PLATE FOR ESDL
978T61,FITTING
978T6101,FITTING
99X8182-10,
9S236716,BLOCK
9S401504,HUB
9S562501,LINER
9S639113,PIPPE SUPPORT
9T207906,PIPE SUPPORT
9T596001,GUIDE SHAFT SUPPORT
9T834801,EJECTOR PLATE C
9T834901,EJECTOR PLATE
9T8402,LINER
9T840201,
9T8407,15 x 200 x 1799 liner
9T8431,
9T8554,
9T8555401,PART
9T899301,PLATE (5 Components weldment
9W077201,
9W287201,GUIDE
9W287301,
9W287401,
9W287701,SEAT
9W2883,PART
9W288301,PISTON ROD
9W306201,
9W306202,
9W306205,
9W306206,
9W306207,
9W306208,
9W306209,LINK PIN
9W306210,LINK PIN
9W3063 01,3weeks
9W306301,
9W306302,LINK PIN
9W306303,
9W306304,LINK PIN
9W306305,
9W331104,GUIDE SHAFT
9W331104-WELD,
9W331301,COVER
9W331901,
9W332401,MADE OUT OF BRONZE
9W332501,
9W4201G0,
9W4201G02,COOLING PIPE ASSY DC350CL-3
9W4201G04,
9W4201G04`,
9W4210G,
9W4210G-02,
9W4210G01,
9W4210G02,
9W4210G03,COOLING PIPE
9W4210G04,COOLING PIPE ASSEMBLY
9W4210G04-W,BRAZING
9W705104,PLUNGER SLEEVE
9W734001,SHAFT
9W818901,JOINT
9W826203,
9W826205,
9W877,PART
9W893801,SHAFT
9W896801,BEARING HOLDER
9W972302,ROD
9W991305,EJECTOR ROD
9W991306,
9W991310,
9W9913_11,
9X057901,ARM
9X0901001,FLANGE
9X090901,BLOCK
9X091001,PLATE
9X0933 06,
9X093301,
9X093305,EJECTOR ROD
9X093306,
9X225601,GLAND PACKING HOLDER
9X3256G01,LADDLE ARM 3-2
9X3526G01,
9X3527,
9X352701,FLANGE
9X352702,FLANGE
9X457901,BUSHING
9X457902,
9X457903,
9X457904,
9X457905,BUSHING
9X464001,PISTON HEAD
9X5157,COUPLING
9X515701,COUPLING
9X5163G01,COOPER PIPE WITH STEEL END OUT OF GPS (GENERAL PURPOSE STEEL)
9X5163G02,"COOLING PIPE ASSY"""
9X541001,
9X541002,
9X541003,KEY
9X541004,KEY
9X8129,FLANGE
9X812901,
9X814703,SHAFT
9X814704,
9X814801,
9X814804,
9X814805,SHAFT
9X814806,SHAFT
9X815805,SHAFT
9X8182-07,
9X8182-08,
9X8182-09,
9X818207,JOINT
9X818208,JOINT
9X818209,JOINT
9X818210,JOINT
9X8182_07,
9X8182_10,
9X818901,
9X818902,BUSHING
9X818903,BUSHING
9X818904,BUSHING
9X818905,BUSHING
9X895201,CYLINDER BRACKET
9X91001,FLANGE
9X918208,TURN BUCKLE
9X924601,
9X924602,BUSHING
9x924603,bushing
9X924604,BUSHING
9X924605,BUSHING
9X926901,GUIDE BAR
9X941001,
9X9410_02,
9X945301,
9X945302,
9X96001,Rectangular shaft RH thread
9X96002,Shaft LLThread
9X96003,M10 RH
9X96004,M10LH
9X965904,1 week
9X972202,TUBING
9X972302,36MM ROD
9X975001,BRACKET
9X9760001,3 wks
9X9760002,ROD JOINT
9X9760003,
9X9760004,
9X976001,RECTANGULAR SHAFT THREADED M10
9X976001-,
9X976002,SHAFT THREADED M10 LH
9X976002-,
9X976003,
9X976004,
9X97604,3 DAYS RUSH ..
9X979503-S,SPECIAL PLUNGER TIP
9X979601,FITTING
9X979602,
9X979603,
9X9797,
9X9797-05,up to 5 weeks
9X979801,
9X9818206,JOINT
9X991310,
A98812G01,LADDLE BRACKET ASSEMBLY
Automated Predd Bar,Aluminium Extrusion  40 MM x 316.95
AV0806G01,2nd LADLE SLIDE BRACKET ASSEMBLY
B1064-14,RING
bad debt,
BOLT 16X45,16X45 SCREW BOLT
BOLT 24X70,24X70 SCREW BOLT
BOLT 30X70,30X70 SCREW BOLT
BOX/CRATE,SHIPPING BOX
BRO#qƒ1,
Broach Bushing,Bushing
BULK373IN,NYLON INSERT (1X1.5X5/8 X 11/16-16 TAP x 1 IN DEEP)
BULK373NI,Nylon Insert 1.5 X 1X.625
BULK460NI,Nylon Insert 460/4603 (Black)
BUSHING,
CENTERLESS GRINDING,CENTERLESS GRINDING
CHG18074-#01,KEY
CHG18074-03,KEY
CHG18074-04,KEY FOR CLAMP SERVO MOTOR
CHG23051,PANEL
CHG23198,JIG for S-Shaft of ED-i215
CHG23202,JIG 2 FOR S-SHAFT OF ED-I215
CHG24215,TIE BAR NUT WRENCH
CHG25098,STOPPER
CHG25175,SEAL FLANGE
CHG80030,NOZZLE BODY END CAP ISF ISG EC 1Y 22MM M48 122MM OAL
CRATE,CRATE FOR P/N H179374
CUSTOM PART,
DC135ELA,SLEEVE WITH WELDED GROOVES
DR1700,BRACKET WELDMENT
Drilling Fixture,Drilling Fixture for the wheel shaft
EJC-ROD-0007,DE35TAMP-EJRD7 ROD
EQNPHELXXXX,ELECTRODE
EQNPHHLXXXX-BLOCK,ELECTRODE HOLDER
EXTRACTOR TOOL,TOOL
F060217,SAFETY DOOR RAIL
F305649,FC MANIFOLD
F310506,
F315411,EJECTOR PLATE C
FA-SA-50,FLANGE
FIXTURE BLOCK,3/4 SQ X7.5 In Long w/30X .02 and 6-32 Holes and taps
Fixture Block 3/4 x 7.5,3/4 SQ x 7.5 w/3X.02 drill and 6-32 Taps
FLANGE  R ANGLE,
FLEX-SHAFT,Connector for Flex Shaft 4In x 5/8 Inner Core
FOUNDATION,KIT
G61100G01,FLANGE ASSEMBLY
GENERIC PART,
H178366,BARREL END CAP 90MM 34B 36B
H179374,[BARREL END CAP 120MM 81B
H204815,"TIE BAR FOR ISGT720 CLAMP 3150MM 124"""
H214355,NUT COUPLING
H220637,CONNECTING SHAFT
H229126,CLAMP PACKING RETAINING RING FOR ISGN 220 250
H233902,FLANGE
H233934,PISTON
H237325,PISTON
H237525,INJECTION CYLINDER PISTON ROD ISGS I59
H301884,LINK A (NO QUOTE-IT IS OVER OUR SHOP CAPACITY)
H303705,
H303744,EJECTOR PLATE
H306463,PLATE
H306464,
H306973,Alum Bz Casting
H308659,
H308725,FLANGE
H308727,FLANGE
H308851,
H308874,WELDMENT
H311792,HOUSING
H312454,PLATE
H313388,
H313389,
H315495,up to 5 wks
H315888,
H316304,BLOCK
H316583,EJECTOR ROD
H316719,PISTON ROD
H316723,CASTING
H317271,SEAT FOR C2G16
H317469,
H317470,
H318275,MANIFOLD PLATE
H319304,BLOCK
H319551,SEAT C2G16
H319551 BOX,SHIPPING BOX
H319673,
H319810,WELDMENT BRACKET
H322192,
H322681,EJECTOR PLATE
H322682,EJECTOR PLATE
H322707,BLOCK
H323405,FLANGE
H323581,3wks
H323582,
H323583,INJECTION BUSHING
H324097,SLEEVE
H324098,HOLDER
H325305,
H325306,
H325385,SLEEVE
H325386,PISTON HEAD
H325458,6 weeks
H325459,6 to 8 weeks delivery
H326958,
H326959,
H327208G01,COUPLING
H327209,PART
H327209-,
H32720G01,COUPLING
H327229,FLANGE
H328472,
H329018,COUPLING
H329261,
H330775,FLANGE (RUSH UP TO 10 DAYS)
H331160,
H331214,
H334677,BASE WELDMENT
H335696,FLANGE
H335891,"EJECTOR PLATE ""C"""
H335892,"EJECTOR PLATE ""D"""
H336702,FLANGE
H337423,EJECTOR PLATE D
H338056,
H338828,GUIDE
H339158,GUIDE
H339159,SEAT
H340600,ALUM BLOCK
H341987,SLEEVE
H342019,BASE WELDMENT
H34750G01,
H34765G01,COUPLING
H38152G01,CASE ASSEMBLY
H39226G,TEST BLOCK ASSEMBLY
H39575G,3PC CLAMP
H39575G01,
H39579G01,COUPLING
H40705G01,COUPLING
H417596,
H56088G01,COUPLING
H809984,HYDRAULIC BLOCK FOR ISDF 2500 3000
H815222,SLEEVE
HKF1010,HOUSING
HML0027,HOPPER TABLE
HMV0025,INTERMIDIATE SHAFT
HMW0025,SHAFT
HUB 2.94,Turning to 2.94 in Diam
HUB 3.00,TURNING to 3.00 in Diam
K1-BMY21585,BUTT HINGE
L132404,TIE BAR BUSHING
L137201,TIE BAR 145MM x3380MM OAL
L259806,ROD
L290128,FLANGE
L300760,FLANGE
L389722,SCREW TIP WRENCH 28MM ISF - ECSXII 1B 1.5A 2Y
L406205,WEDGE
L434401,POPPET
L459974,BARREL END CAP 40MM 4A 5A 7Y
L459975,BARREL END CAP 45MM 4B 5B
L460205,WEDGE
L460206,WEDGE
L460309,PLUNGER ROD
L460318,NOZZLE
L460338,SCREW TIP WRENCH 45MM ISF-ECSX 4B 5B 6A 8Y 1
L460709,BARREL END CAP 50MM ECN 6B 7B 8A 10A (M38 THREAD)
L460739,SCREW TIP WRENCH 50MM ISF -ECSXII 6B 7B 8A 10A 17Y
L469975,BARREL END CAP 45MM 4B 5B
L481902,SCREW TIP WRENCH 60MM ISF - ECSXII 17A 17AT 19A 19A
L500196,SHAFT (18g6 SQUARED 2 PLACES)
L500198,SHUT OFF NOZZLE BODY M80 X M80
L505672,BARREL END CAP 50MM IS EC SX SXIII 7B 8A 10A
L505674,BARREL END CAP 60MM IS EC SX 17A 19AT
L523348,SAFETY DROP BAR FLAG ISG250
L5494412,CONNECTING BAR
L552676,BARREL END CAP 36MM ISF-3A ISG-5Y ECN 4Y 5Y
L589136,PISTON
L594412,SHAFT O.A.L 790MM
L595255,FLANGE
L698104,TIE BAR
L698601,TIE BAR NUT ISGT 950
L698749,FLANGE
L707500,FLANGE
L707501,TIE BAR 110 mm
L707510,BUSHING FOR TIE BAR ISGS310 (out of BC6 -Bearing bronze  Material)
L708101,TIE BAR FOR ISGS 610 3258 X 145MM]
L708129,INJECTION PACKING RETAINER FOR ISGS I34
L708400,TIE BAR NUT ISGT720
L708426,ARM
L708604,COVER
L723602,SHAFT
L758921,NUT M48X1.5
L771420,NUT FOR CLAMP CYLINDER ISGS 610
L771624,NUT FOR BOOSTER CYLINDER M72
L803830,FLANGE
L803955,PISTON
L804077,TIE BAR NUT
L804121,ROD
L804132,TIE BAR
L804154,PISTON
L804192,BRACKET
L804193,SAFETY BAR
L946652,EXTENSION
L993362,MOUNTING PLATE
LABOR373IN,"Acetal Insert 1.5 x 1.0 x.625"""
LFB-5060,OILESS BUSHING
LKK0020,TIE BAR NUT (80MM)
LKL0020,TIE BAR NUT M90X6
LKL0030,TIE BAR
LKL0031,TIE BAR NUT (BRONZE)
LKM0010,TIE BAR
LKM0020,TIE BAR NUT FOR EC240N
LKM0030,TIE BAR 105X 2876MM OAL
LKR0020,TIE BAR NUT 130X6MM
LKR0030,TIE BAR 130 X6 - 3489MM OAL
LMH0011,TIE BAR NUT EC110SX
LMH0098,EJECTOR PLATE
LMH0111,LOCK NUT FOR TIE BAR
LMH0112,TIE BAR NUT EC110SX
LMK0010,TIE BAR EC140SX
LMK0010-BOX,TIE BAR EC140SX SHIPPING BOX
LMK0378,FLANGE1
LMK0379,FLANGE2
LML0028,SCREW ADAPTER ECSX 4A 4B U3 U4
LML0112-SHIPPING BOX,SHIPPING BOX
LML1003,PLATTEN SUPPORT
LML1103,PLATTEN SUPPORT
LML1104,PLATTEN SUPPORT
LMM0112,TIE BAR EC250SXII
LMM0853,TIE BAR NUT CLAMP END SIDE EC250SXII
LMN0010,TIE BAR EC280S
LMN0011,TIE BAR NUT
LMR0012,GUIDE BAR
LMR0026,MOUNTING PLATE
LMR0050,ADAPTOR F/ PULLEY 1L EC390SX I17
LMR0404,LEVER TRIGGER
LMR1587,TIE BAR
LMR1598,TIE BAR NUT
LMR1599,TIE BAR NUT
LMR2005,BRACKET
LMR2307,BRACKET
LMS1932,NOZZLE TIP
LMT0000,TIE BAR M160X4335OAL
LMT0026,TIE BAR NUT EC610SX CLAMP
LMT0168,RONG SPACER
LMT1101,TIE BAR NUT
LMT1211,PIN HOLDER
LMV0000,TIE BAR 170 DIA X 4925 MM
LMW0004,TIE BAR NUT
LMW0006,BLOCK
LMW0042,HANGING PLATE NON-OPER. SIDE
LMW0241,HANGING PLATE OP SIDE
LMW0242,HANGING PLATE NON-OPER. SIDE
LMW0621,COVER
LMW1143,TIE BAR NUT LH
LMY0245,STOPPER 1
LMY0253,STOPPER 2
LMY0258,STOPPER 3
LMY0259,STOPPER 4
LMY1302,MOUNTING PLATE
LS-PLATE,PLATE 25X38X50
LS1019092,LANYARD REV-A
LS1086876,BUSHING
LS1087143,PINS
LS1091524,WASHER SPECIAL
LS1097899,SPACER
LS1117485-6,SPACER REV-C
LS1119103,SPACER
LS1119104,SPACER
LS1124579,CONNECTOR
LS1150553,BALL PIN
LS1155686,"SPACER, HATCH BUMBER"
LS1156471,"HEX, ROD THREADED"
LSDT0124-1,ADJUSTMENT SCW
LSDT0946,SEAL RING REV-
M017426,BARREL END CAP 60MM 26Y
M02497G01,
M115292,FLANGE
M12 NUT,NUT
M12X45,HEX SOCKET HEAD BOLT
M158435,NOZZLE END CAP 25MM 1A EC SX 7/8-14 M48 122MM OAL
M168007,BLOCK
M16X150,METRIC 16X150 MM ROD
M16X40,SOCKET HEAD SCREW
M16X55 SHSC,SOCKET HEAD SCREW
M174430,FLANGE
M174430-R1,FLANGE L32
M20X220,BOLT M20X220
M20X240,BOLT M20X240
M20X60SH SCREW,SOCKET HEAD HEX SCREW
M20X90,HEX SOCKE HEAD BOLT
M24X170,HEX SOCKET HEAD BOLT
M24x3 - 170,SSHS SCREW M24x3 - 170 (modified)
M30x3.5 - 130,SSHS SCREW M30x3.5 - 130
M30X3.5 - 60,SSHS M30x3.5 - 60 MM LONG
M34x3 - 170,SSHS SCREW M34x3 - 170 (MODIFIED)
M36x4 - 70,SSHS SCREW M36X4 - 70 MM LONG
M42 HEX NUT,HEX NUT MAX STRENGTH (90593A021)
M42 WASHER,WASHER (91455A370)
M4X6,HEX SOCKET HEAD BOLY
M8X15,SOCKET HEAD SCREW
M8X25,SOCKET HEAD SCREW
M8X25BS,SOCKET HEAD BRASS SCREW
M8X30BS,BRASS SCREW
M8X355,ELECTRODE ROD
M8X385,
MA13,2.00 RD x 8.5 TUBING
MHV0025,INTERMIDIATE SHAFT
MS032962,TIE BAR COVER ISG1450 STA. LOWER NON-OP.
MS20066-793,"KEY, SECTION-SQUARE, E"
MS20392-12C119,"PIN, STRAIGHT, HEADE"
MS20392-9C105,"PIN, STRAIGHT, HEADED"
N000784,5 weeks
N000794,FLANGE
N001304,BRACKET STOPPER
N002484,
N002719,SHAFT
N002720,ARM
N002722,ARM
N002727,SHAFT
N002730,
N004159,
N004532,4 week
N004544,LINK B
N004545,LINK B
N004548,SLIDE TABLE
N004709,BRACKET
N004714,FLANGE
N004796,ARM
N004909,PISTON OUT OF GRAY  CAST IRON
N007950,LINER
N007982,OVER SIZE
N007983,AVER SIZE
N008424,STOPPER
N008426,SPACER
N008428,CLEVIS
N008444,BRACKET
N008623,L-FLANGE
N008952,COVER FOR DAL
N008957,
N008960,PISTON
N008961,3 weeks
N008999,SPACER
N009500,
N010669,
N01160G01,
N01160G02,PIPE ASSEMBLY
N013391,SHAFT
N013408,POPPET
N013435,CYLINDER SHAFT
N013435-G,CYLINDER (GRINDING 225H7 (MAX PLUS .001 for Plating)
N013483,ARM
N013546,FLANGE
N013706,FLANGE
N013708,CAST IRON
N013808,PART
N014109,
N014618,BRACKET
N014842,PLUNGER ROD
N014918,BRACKET
N015108,
N015168,BRACKET
N015624,
N016161,FLANGED BUSHING
N016171,LINER
N016179,BRACKET
N016691,SHAFT
N01669G,BLOCK
N01670A,FLANGE
N01670Z,FLANGE
N017856,
N017857,
N017858,
N017859,
N017860,COVER
N017861,COVER
N017971,BRACKET
N017972,BRACKET
N018904,BRACKET
N018914,BRACKET WELDMENT
N018915,FLANGE
N018916,
N01929,SHAFT
N019296,ROD
N019726,MAIN SHAFT
N019729,
N019729-W,SHAFT
N020124,BRONZE PLATE
N020140,Liner. (UP TO 7 WEEKS) MATERIAL AVAILABLE IN 3 to 4 WEEKS)
N020151,PLATE
N020152,CYLINDER HOUSING
N020153,CYLINDER
N020156,EJECTOR PISTON
N020197,FLANGED BUSHING
N020197-HT,
N021409,BUSHING
N022604,
N022632,COVER
N022633,HOUSING
N022634,HUB
N022635,COVER
N022637,COVER
N02274,
N02275,
N02277,
N023504,PLATE
N023984,
N024123,FLANGE
N024124,FLANGE
N024125,FLANGE
N024126,
N024127,
N024128,
N02477G01,PIPE ASSEMBLY
N02477G02,PIPE ASSEMBLY
N02477G03,
N024838G01,DRAIN PIPE ASSY.
N02497G01,
N02564G01,FLANGE
N025805,WELDMENT
N025862,up to 6 weeks
N02630G02,COOLING PIPE ASSY
N02692G03,GUIDE SHAFT
N027239,EJECTOR PISTON
N028751,FLANGE
N028752,PISTON
N028754,RETAINER
N02912G01,
N029164,
N029282,CHECK VALVE
N029283,SEAT
N029475,COVER
N029476,COVER
N030020,SHAFT
N030189,SHAFT
N031988,SHAFT
N031989,
N032188,HOOK
N032274,SEAT
N032275,POPPET
N032277,GUIDE FOR LOW SPEED C2G11
N032738,
N032984,COUPLING
N033635,COVER
N033939,
N033940,CYLINDER HEAD
N03531G01,
N03531G02,COOLING PIPE
N035327,
N035978,FLANGE
N035979,COVER
N035980,COVER
N036470,
N036471,
N036472,
N037052,FLANGE
N037058,FLANGE
N037294,PACKING GLAND
N037295,
N037296,
N038437,SHAFT
N038440,SHAFT
N039714,PLATE
N040211,
N040211-16ea,LINK
N040213,BRACKET
N040214,BRACKET
N040402,
N041046,COVER
N041051,SLEEVE
N041420,BUSHING
N041420 Rev-A,DIE CARRIER BUSHING DQC1650C
N041420-REV 1,BUSHING REV 1 ID DIMENSION  (280.5 +/- .1)
N041467,COVER
N041468,COVER
N041476,
N041987,EJECTOR ROD
N042010,EJECTOR ARM
N042973,PULLEY
N044000,
N044057,
N044221,SCRAPER HOLDER
N044233,PLATE
N044300,PLUNGER ROD
N045174,
N045379,PIPING JOINT
N045969,
N04596901,
N045970,
N045971,GUIDE C2G16
N045995,SHOE MOUNT
N046232,
N046234,
N046969,POPPET
N047573,FLANGE
N048354,POPPET
N048454,SENSOR COVER
N048534,
N048833,DOG
N048865,
N049364,4 wks
N049447,SHAFT
N04952732,CASE
N049547,
N050619,
N052403,INJECTION BUSHING DC220JS
N052732,CASE
N052733,
N053307,BRACKET
N053308,SHAFT
N053526,COUPLING
N053624,RAIL
N054083,
N054084,
N054085,
N054086,
N054087,
N054088,COVER
N054089,POPPET
N054130,JOINT ROD
N054195,BLOCK
N054196,HYDRAULIC BLOCK
N054612,CYLINDER
N054614,PISTON ROD
N054620,ROD COVER
N054621,PISTON
N054955,
N054969,POPPET C2G16
N054980,
N055274,CYLINDER
N056913,
N057024,LINER
N057026,
N057028,
N057030,SPACER RAIL
N057168,
N058163,
N058164,
N059302,GUIDE
N059303,GUIDE
N059498,BLOCK
N060236,
N060281,BLOCK
N060284,STOPPER
N060285,SHAFT
N061688,BRACKET
N061957-1,RAIL FOR SHUTTER
N061984,EJECTOR PISTON ROD]
N061985,EJECTOR ROD
N062581,FLANGE
N062738,FLANGE
N062739,
N062740,COUPLING
N062784,EJECTOR ROD
N062785,EJECTOR ROD
N063950,EJECTOR ROD
N063996,
N06440G01,COUPLING
N064662,FLANGE
N064705,PISTON
N064706,SLEEVE
N064799,
N064799_,SHAFT
N065194,FLANGE
N065198,
N065278,HOLDER
N065280,GLAND PACKING
N066015,SLEEVE
N066502,SLEEVE
N066873,INJECTION BUSHING
N066874,FLANGE
N066875,BUSHING
N066877,
N066878,
N066879,
N066880,
N06709G01,COOLING PIPE
N067821,GUIDE ROD
N067822,EJECTOR ROD
N067991,
N067992,
N068303,
N068885,COUPLING
N069039,LINER
N069170,
N069171,
N069221,
N069222,RUSH
N069341,PLATE
N069342,PLATE
N069433,BRACKET
N069434,BRACKET
N069435,
N069436,
N069444,BUSHING
N069445,
N069512,
N069513,
N069818,
N069819,
N069896,
N069969,CAP
N069970,PISTON ROD
N069971,POPPET
N069972,FLANGE
N069984,LOCK PLATE
N070102,SHAFT
N070137,COVER
N070138,COVER
N070357,4 weeks
N070358,4 weeks
N070781,
N070920,LADLE SHAFT
N070921,FLANGE A
N070922,FLANGE B
N07098G01,COOLING PIPE ASSEMBLY (STAINLESS STEEL)
N071198,
N071199,SHAFT
N071245,TIE BAR NUT
N071319,RAIL FOR SAFETY DOOR
N071837,FLANGE
N071870,PISTON
N071871,BUSHING
N071946,PISTON HEAD
N071947,PISTON ROD
N072157,
N072246,Rail
n072247,rail
N072417,SEAT
N072437,PISTON
N072438,SEAT
N072444,CONNECTOR
N072451,BRACKET WELDMENT (7 COMPONENTS)
N072616,
N072617,
N072618,
N072802,EJECTOR ROD
N072875,
N073034,PLATE
N073035,MOTOR CASE
N073036,VAYOR CASE
N073037,
N073103,
N073196,BUSHING
N073297,PISTON
N073298,GUIDE
N073299,
N073316,SEAT
N074298,
N074299,
N074799,
N074818,BRACKET
N074819,BRACKET
N074823,GUIDE
N076372,PISTON
N076507,COUPLING
N076977,LINER
N077168,SHAFT
N077526,TIP
N079122,
N079566,SLEEVE
N07982G01,
N079868,BLOCK
N079961,JOINT BLOCK
N0813G01,
N082167,PISTON HEAD
N082493,BRACKET
N082939,POPPET
N083306,LINER BRASS
N084583,PLATE (OUT OF BRASS C260)
N084583-B,DIE STAND LINER BRASS DC2500CS-2
N084787,PISTON HEAD
N084789,POPPET
N085928,
N086056,
N086440,
N086441,
N086745,HEX 35 MM RAIL
N088091,HOLDER
N08902G 01,
N089312,ROLLER HOLDER
N089679,FLANGED BUSHING
N089774,FLANGE
N090091,SHAFT
N090092,
N090393,MANIFOLD
N090479,WELDMENT
N090493,
N090932,PLUNGER TIP
N090933,FITTING
N091257,
N091980,HOLDER
N092205,FLANGE
N092559,
N092806,WELDMENT
N09282,
N09283,
N093298,GUIDE
N095900,EJECTOR ARM
N098857,
N099547,HALF CLAMP
N099548,CLAMP
N099550,BASE
N099602,SLEEVE 70MM ID
N099603,
N099638,COVER
N10017G01,COOLING PIPE
N100337,SLEEVE
N100512,
N101061,PLUNGER ROD
N101221,TIP JOINT
N10221,TIP JOINT
N103670,SLIDE PLATE
N104842,PLUNGER ROD
N105154,BRACKET
N105159,BRACKET
N105787,SLEEVE
N106235,WELDMENT BRACKET
N106850,
N106857,
N106934G01,COOLING PIPE ASSY
N107131,LINER
N107308,PISTON ROD
N10774G01,
N10775G01,
N108106,EJECTOR ROD
N108150,
N108154,
N108781,SLIDE ROD
N108783,COVER PLATE (RUSH)
N108875-Y196931,RATCHET HOOK
N109398,ROLLER BLADE
N109399,BRACKET
N109433,SLIDE PLATE
N109661,BRACKET
N109733,SLEEVE
N109734,HOLDER
N1100780,
N110339,PISTON
N110379,SPACER PLATE
N110380,SPACER PLATE
N110448,OVER SIZE ITEM (CAN'T FABRICATE)
N110909,HEAD COVER
N110911,GUIDE
N111109,COVER
N111154,SEN44SOR COVER
N111882,BRACKET
N112855,SLEEVE
N114122,PACKING GLSAND
N114335-2,RAIL
N116120,SEAL CASE
N116121,SEAL HOLDER
N116642,PISTON
N116800,COVER
N117348,BUSHING
N117530,COVER
N118207,
N118208,
N118209,
N118947,PLUNGER SLEEVE
N119789,COVER PLATE
N119790,WELDMENT BRACKET
N124500,SLEEVE
N124646,BRACKET
N124647,BRACKET
N124648,WELDMENT
N125442,PLUNGER ROD
N125443,CONNECTOR
N125564,WELDMENT
N125565,WELDMENT
N125566,WELDMENT
N125667,WELDMENT
N126702,HOOK
N127433,SHAFT FOR SAFETY HOOK
N127477,HOOK
N127733,SLIDE BAR
N130006,BLOCK
N13132G01,COUPLING
N16934G01,COOLING PIPE ASSY
N22874G01,COOLING PIPE ASSEMBLY
N24838G01,DRAIN PIPE ASSY.
N324098,HOLDER
N40705F01,COUPLING
N40705G01,
N77526,TIP
N912375,BOX
N912376,SUPPORT
NA0203-030UH010,"STANDOFF, MALE-FEMALE"
NA0203-030VH016,STANDOFF
NYLON INSERT,TURNED AND TAPPED  PER PRINT
OIL HOSE BRACKET,Special bracket designed for CFA oil hose w/ mounting screws
P058329,JOINT ROD DIAL500-800SVSH
P058473,
PULLEY,NEW HUB WITHh 1/8 KEY
N057037,PLATE
R1-002,2weeks
RAW MATERIAL,Outside of quote
RDC 871G23,
RDC 871G23 NEW MACHINE,RUSH (UP TO 10 DAYS DELIVERY)
REDUCER G3/8F to G1/4M,G3/8F to G1/4M
S180901,TIE BAR NUT
S182901,TIE BAR NUT FOR ISE250
S183007,SPLIT COLLAR
S189004,BARREL FLANGE ISE I27
S189075,SPLIT COLLAR
S190507,SPLIT COLLAR ISE ISG I27 I33
S190601,TIE BAR NUT 145X6MM
S190602,GUIDE PIN
S194010,BRACKET
S196007,SPLIT COLLAR ISE ISF ISDF ISDG ECSX ED 110A 120A
S196201,DOOR ROLLER
S198113,THREADED ROD M42 X 260MM
S198192,DOOR ROLLER
S198363,CLAMP WEAR STRIP ISF1750 1950 4908MM OAL
S301714,SLIDE PLATE
S328315,SLIDE PLATE
S404292,BUSHING (OILES2000) OUT OF OIL FILED BEARING BRONZE C841)
S404392,BUSHING (OUT OF BC6 Material-NOT OILES2000)
S405508,PLATE
S416200,NUT F/ INJ. BALL SCREW 1S EC390SX I17
S417000,TIE BAR NUT
S417205,GUIDE SHAFT
S417800,TIE BAR NUT
S437608,SPLIT COLLAR
S437610,KEY FOR SCREW 22MM X 14MM X 156MM
S438101,SPLIT COLLAR IS EC SX I59 I61]
S438103,KEY FOR SCREW i59 i61
S438700,KEY FOR SCREW
S453023,WASHER
S453027,THICK WASHER
S453040,SCREW
S453041,PLATE
S453060,BRACKET
S453060BRACKET,BRACKET
S453083,M12 SHOULDER SCREW
S456145,TIE BAR NUT
S463884,TIE BAR NUT (M110X6)
S478525,BRACKET
S478872,BRACKET
S482701,CLEAR PLASTIC SHEET
S486144,SPLIT COLLAR
S486145,TIE BAR NUT
S486165,TIE BAR NUT
S510111,TIE BAR NUT
S529739,CLEVIS
S529883,SLIDE PLATE
S529900,BRACKET FOR EJECTOR GS GT
S529903,FLANGE FOR EJECTOR PLATE PISTON ROD ISGS 310 390
S529933,L GUIDE PLATE F/ INJ BASE ISF GS GT I19-I81
S529936,FLANGE
S529942,INJECTION WEAR STRIP ISG I19 1915MM X 92MM
S530034,CLEAR PLASTIC SHEET
S530216,ROD
S530217,ROD
S530289,CLAMP WEAR STRIP ISGT950 4108MM OAL
S530298,SLIDE PLATE
S530345,STOPPER FOR GT I81 INJECTION UNIT
S530348,SPLIT COLLAR
S530707,CLAMP SHOE WEAR PAD FOR WEDGES 1 & 2 GT IS1300DG
S530709,LINER OILES2000
S530728,SHAFT
S530732,KEY FOR SCREW I110 I120
S530745,PIN FOR NOZZLE CYLINDER
S530798,CLAMP WEAR STRIP ISGT950 1150 3858MM
S530967,COVER
S535778,CLAMP WEAR STRIP
S536004,RING
S536028,INJECTION WEAR STRIP ISG I27 2074MM OAL
S536030,PIN
S536083,CLAMP WEAR STRIP ISGS500 1556MM OAL
S536300,FLANGE
S536310,BUSHING FOR ISGS610
S536332,EXTENSION ROD 569MM
S536600,GUIDE BAR
S536601,GUIDE BAR
S536602,GUIDE BAR
S536626,SPACER RING
S536628,SPLUT COLLAR
S536630,GUIDE BAR
S536680,CLAMP WEAR STRIP ISGT720 3253MM OAL
S543819,BRACKET
S543820,PLATE
S543821,DOUBLE END SCREW
S543823,LINK
S543830,BRACKET
S549701,ROD
S549702,ROD
S565103,SPACER F/ CLAMP RAM RETNG RING ISGS500-ISGT950 SOLD AS EACH
S565107,SQUARE NUT
S565187,SQUARE NUT
S571110,WEDGE
S571111,WEDGE
S571163,LINER
S571168,KEY FOR SCREW I2
S573303,FLANGE FOR DIE HEIGHT CYLINDER GT SERIES
S576356,BRACKET
S576432,SLIDE PLATE
S576705,NUT FOR CLAMP M72X2 105MM X 23MM
S576817,SHAFT
S576818,BUSHING (Made out of Bearing Bronze Material not OILES 300)
S578073,FLANGE FOR EJECTOR PLATE ISGN120-190
S601970,SLIDE PLATE
S601971,CLAMP WEAR STRIP
S602094,COLLAR
S602199,CLAMP
S605146,LINK PIN
S605148,COLLAR FOR ISGN 10B
S605290,SHAFT
S606079,BUSHING
S606252,CLAMP WEAR STRIP
S606253,CLAMP WEAR STRIP ISG250N
S637743,LINK PIN
S637765,BRACKET
S637766,BRACKET
S638725,CLAMP WEAR STRIP EC65 NON OP 1494MM X 92MM
S638803,CLAMP WEAR STRIP 92X1339 OAL
S642709,LINK PIN
S647029,SLIDE PLATE
S647271,SET SCREW
S649924,HOLDER FOR INJECTION SWIVEL PIN EC I4 I6 I8
S655940,CLAMP WEAR STRIP OP SIDE  EC65
S655959,LINK PIN
S655960,LINK PIN
S655962,BUSHING F/LINK PIN 1EC240
S655963,LINK PIN BUSHING
S657022,SLIDE PLATE
S657025,PIN
S657138,IDLER SHAFT
S661820,LINK PIN
S661821,LINK PIN
S661823,TAPER SET SSCREW
S661826,BUSHING
S661849,BUSHING EC350
S661866,SHAFT
S669221,SPLIT COLLAR EC I0.4
S669498,COVER
S669906,EJECTOR GUIDE BAR FOR EC20PNII
S671533,FLANGE
S672582,SPLIT SPACER
S677759,CLAMP WEAR STRIP 3806 X 178MM ISDG 1450
S685527,LINK PIN
S685528,LINK PIN
S694417,SHAFT
S718907,COVER PLATE FOR MANIFOLD ISDF 2500 3000
S773266,PLATE
S776608,HOLDER
S807694,SLIDE PLATE
S844523,COVER (WELDED NOT BEND)
S914012,BLOCK
S967011,COVER
S978456,BLOCK
S978457,BLOCK
S978458,PUMP FLANGE
SCRAP / SHAVINGS,Recyclable metal with variable market prices
Screw Machine,ROLLER
SENSOR LOCKNUT,NUT M25X1.5 WITH INTERNAL TAPER
11593708 PLATING,
J&C Pulley Shaft,SHAFT (3.00 X28.2)
NYLON INSERT,INSERT 1.00 OD X .906 STEP X .625 HOLE X1.500 LONG (11/16 -16 TAP x 1.00DEEP
SM203,CONTACT INSERTION FIXTURE
SM206-GO-NOGO,TLN30335-2-B (GO-NOGO GAGE)
STEEL PULLEY,STEEL PULLEY
8X20BS,BRASS SCREWS
T029536,KEY
T12X50X15,PLATE T12X50X50
T12X50X50,
T2.3X63X63,
T4.5X63X63,
TKF0010,SET SCREW
TKF0054,LINK PIN
TKF2027,"CLAMP WEAR STRIP
EC45N"
TKF5024,DOOR STOPPER
TKG0053,LINK PIN
TKG1009,KEY FOR SCREW IS EC I1.5 77MM OAL
TKH0011,SETSCREW M16 TAPERED FOR LINK PIN
TKH0047,SLIDE PLATE
TKH0053,LINK PIN
TKH0054,LINK PIN
TKL0034,EJECTOR GUIDE BAR EC160N
TKL0053,LINK PIN EC180N NII
TKL0054,LINK PIN EC180N
TKL0056,LINK PIN
TKL1003,SPLIT COLLAR
TKL1007,IDLER 1
TKL1296,KEY FOR SREW
TKM0005,SHAFT
TKM0053,LINK PIN
TKM0054,LINK PIN
TKM2027,CLAMP WEAR STRIP
TKR0005,IDLER SHAFT EC390N EJECTOR
TKR0007,LINK C EC390N
TKR0026,RETAINER
TKR0046,SETSCREW MODIFICATION
TKR0053,LINK PIN
TKR0054,LINK PIN 2 FOR ECN ECNII 350 390
TKR0064,SET SCREW TAPERED FOR LINK PIN M20 50MM OAL
TKR1004,KEY FOR SCREW
TKR2040,CLAMP WEAR STRIP EC ECN NII 310 390 2864 X 102MM
TLN0058-BLK-SM,CONTACT PRESS HEAD
TLN50058,BLOCK REV-1
TLNXXXXX,CUSTOM ALUMINIUM PLATE
TMA0067,SEAT 140MM 200A FOR ESB SCREW
TMA0068,COLLAR 140MM 215A FOR ESB SCREW
TMF0443,COLLAT
TMG0036,HOPPER SLEEVE ECSX I1
TMG0038,LINK PIN 2 FOR EC55SX EC85SX
TMG0207,PLATE
TMG0735,SPLIT COLLAT
TMH0450,BRACKET
TMH0577,IDLER
TMH0578,SHAFT
TMH0654,DOOR ROLLER
TMH1697,KEY
TMK0026,LINK PIN
TMK0038,LINK PIN
TML0026,LINK PIN 1 FOR EC200SX SXII
TML0029,SUPPORT 5]
TML0038,LINK PIN 2 FOR EC200SX
TML0088,ROLLER
TML0108,SPACER
TML0128,SPRING DOOR STOPPER LATCH EC55SX-EC250SX 40X65MM
TML0220,LINK-C
TML0247,PURGE PAN
TML0778,SPACER FOR SCREW ECSX 4Y U48
TML1035,SPLIT COLLAR 4A 4B 6Y 8Y ECSX
TMM0003,ADJUSTMENT NUT
TMM0019,SHAFT
TMM0026,[LINK PIN 1 FOR EC250SX SXII
TMM1298,SHAFT
TMM1902,SPLIT COLLAR
TMN0002,LINK PIN
TMN0003,LINK PIN
TMN0026,LINK PIN 1 FOR EC310 390 SX SXII III
TMN0027,LINK PIN
TMN0053,SLEEVE
TMN0290,END SHAFT
TMN0650,SLIDE PLATE
TMR0008,LINK PIN
TMR0009,LINK PIN 2 FOR EC390SX II III
TMR0014,SHAFT
TMR0017,LEVER
TMR0035,SPLIT COLLAR ECSX U5 17A 17B
TMR0040,ECSX i17 Direct Drive Stop Bars
TMR1248,BS1 VERTICAL WASHER
TMR1397,BRACKET
TMR2371,Ejector Ball Screw Removal Jig
TMS0008,LINK PIN 1 EC500SX
TMS0009,LINK PIN 2 EC500SX 228MM OAL 70MM DIA
TMS0043,RAIL TRILLER JIG EC500SX
TMS0060,SPACER FOR DIRECT DRIVE ECSX I26
TMS0229,CLAMP WEAR STRIP EC450S - EC550S
TMS0319,NOZZLE TOUCH ROD ECSX i26 i36 i61 i78 500MM OAL M20 x 2
TMT0008,LINK PIN
TMT0009,LINK PIN
TMT0105,SPRING DOOR STOPPER LATCH EC310SX - EC610SX
TMT0244,SPACER
TMT0326,WASHER
TMT0339,SPACER
TMT2155,SHIM
TMT2308,HOLDER
TMT2628,EXTENSION CLEVIS
TMV0002,LINK PIN 1 EC720SX
TMV0003,LINK PIN 2 EC720SX
TMV0042,SLIDE PLATE
TMV0198,SLIDE PLATE
TMV0204,NOZZLE TOUCH ROD ECSX I61 2445MM OAL
TMW0002,LINK PIN EC950SX
TMW0003,LINK PIN EC95SX
TMW0031,LINK PIN BUSHING EC950SX
TMW0047,LINK PIN BUSHING EC950SX
TMW0218,BRACKET
TMW0494,PLATE
TMW1005,PLATE
TMW1006,COVER
TMW2843,PLATE
TMW2845,BRACKET
TMW2846,PLATE
TMW2919,PLATE
TMY0221,LINK BRACKET
TMY0230,BRACKET 1
TMY0231,LINK A BRACKET
TMY0400,STOPPER 5
TMY1328,JIG1
TMY1330,JIG 3
TMY1331,JIG 4
TMZ0037,EJECTOR ROD HOLDER
TMZ0038,EJECTOR ROD HOLDER
TNL30417,SNAP ON EDGE GO-NOGO FIXTURE
TZ-FLANGE,FLANGE
TZ-FLANGE-1+1/4,
WASHER 3.335,ID TURNING TO 3.335
WASHER 3.88,TURNING OD to 3.88
WEDGE1,
WEDGE2,
X AXIS BAR,"3.00 X 68 in Turned ,Milled and drilled)"
Y.19690,SPACER
Y000000,
Y000970,SLIDE SHAFT
Y001029,FLANGE
Y001038,END SHAFT WASHER
Y001044,Flange
Y001106,SPRING BOLT
Y002171,COVER
Y003572,PLATE
Y003623,FLANGE
Y003993,SPACER
Y003995,SPACER RING
Y003998,SPACER
Y003999,SPROCKET
Y004100,SPACER43
Y004101,FLANGE
Y004105,SPACER
Y004110,
Y004563,PLATE
Y004671,PLATE
Y004672,PLATE
Y005005,
Y005401,LINET
Y006291,
Y006295,
Y006296,POSITIONING PLATE
Y006297,
Y006298,
Y006299,
Y006501,
Y006502,SPACER
Y006635,
Y006638,PLATE
Y006646,
Y006651,
Y006966,SPACER
Y006968,LINK
Y006969,
Y006972,
Y006975,
Y007080,COVER
Y007086,COVER
Y008267,
Y008555,FLANGE
Y008588,BRACKET
Y01038,
Y010850,
Y0108788,RAIL
Y011582,
Y011593,
Y011597,BUSHING
Y011598,BUSHING
Y012215,SHAFT
Y012221,HOLDER
Y012556,
Y012651,ELECTRODE ROD
Y012652,ELECTRODE ROD
Y012748,HOLDER NUT
Y012762,CYLINDER HEAD
Y012763,NUT
Y012764,FLANGE
Y012765,
Y012831,BUSHING
Y012834,
Y012835,SPACER
Y012885,
Y01288501,
Y013017,
Y013047,
Y013048,FLANGE (RUSH)
Y013084,RING SPACER
Y013579,SHAFT END CAP
Y013990,
Y013991,
Y014643,FLANGE
Y015648,FITTING
Y015907,
Y016158,BUSHING
Y016184,COLLAR COUPLING
Y016531,
Y017157,Rush by Monday AM
Y017500,COVER
Y017577,
Y017579,TIE BAR BUSHING
y017582,
Y017911,BUSHING
Y018101,LINK PIN BUSHING
Y018106,LINK PIN BUSHING
Y018180,
Y018181,LINK PIN BUSHNIG
Y018195,FLANGE
Y018908,LINER
Y018911,SCREWED BUSHING
Y01961,SLOTTED BUSHING
Y019690,SPACER
Y019691,BUSHING
Y019692,
Y0200013,COUPLING
Y020020,
Y020046,
Y020056,
Y020057,36X4 MM ROD 420 SS
Y020058,
Y020059,KEY
Y021405,BUSHING
Y021407,BUSHING
Y021408,CAP
Y021409,BUSHING
Y021498,BRACKET
Y021743,
Y021901,PLATE
Y021920,JOINT
Y021921,PLATE
Y021922,CAP
Y022418,Weldment
Y022419,2 max 3 weeks
Y022701,
Y022703,SAHFT END WASHER
Y022704,SPROCKET
Y022846,SPUR GEAR 1.5-80 X45 ID
Y022848,
Y023211,
Y023414,WELDMENT
Y023427,FLANGE
Y023429,FLANGE
Y023434,
Y023435,FLANGE
Y024218,SCREWED BUSHING
Y024243,FLANGE
Y026012,PLATE
Y026060,SHAFT
Y026062,
Y026063,
Y026064,
Y026065,PIN
Y026066,
Y026322,CYLINDER JOINT
Y026323,CYLINDER JOINT
Y027514,SPACER
Y027515,
Y027550,SHAFT
Y027551,SHAFT
Y027552,RING
Y027553,SPACER
Y027627,
Y027663,NUT
Y027664,BRACKET
Y027683,SPACER
Y028009,
Y028010,
Y028029,PLATE
Y028030,
Y028031,
Y028062,4 WEEKS
Y028067,LINER
Y028068,
Y028471,BRACKET
Y028741,BRACKET
Y028949,SHAFT
Y028953,SHAFT
Y028955,SHAFT
Y029070,BRASS
Y029526,BLOCK
Y029534,BLOCK SHAFT
Y029536,KEY
Y029537,HUB
Y029732,GUIDE
Y030016,WELDMENT
Y030031,FLANGE
Y030065,
Y030065 RUSH,
Y030066,ROD JOINT
Y030073,
Y030531,BLOCK
Y030931,STOPPER BLOCK
Y031315,
Y031957,BRACKET
Y031958,PLATE
Y032427,LINER
Y032802,
Y033451,SHAFT
Y033452,SHAFT
Y033453,SHAFT
Y033616,SHAFT
Y033657,
Y033740,BLOCK
Y033770,"THICK SLIDE PLATE (DEBURRED ,CHAMFERED AND CLEANED)"
Y034442,SAPCER
Y034465,SPACER
Y037186,JOINT
Y037189,BLOCK
Y037190,CLAMP PLATE
Y037684,LINK
Y037685,SLIDE BAR
Y037698,THICK PLATE
Y037699,SLIDE PLATE (THICK)
Y03770,"THICK SLIDE PLATE (DEUURRED, CHAMFERED AND CLEANED )"
Y037700,PLATE
Y038229,
Y038816,GUIDE
Y039241,2 wks
Y040402,LINER
Y040407,FLANGE
Y040408,SHAFT
Y040409,SPACER
Y040410,LINK
Y040412,
Y040472,
Y042138,LINK C
Y042157,CROSS HEAD BUSHING
Y043849,SHAFT
Y043920,BRACKET
Y045299,SLIDE BAR
Y045300,BRACKET
Y045301,BRACKET
Y045304,BOTTOM PLATE
Y045305,LID
Y045369,BUSHING (OUT OF BC6 or  C841 oil impregnated bronze)
Y047349,
Y047350,PISTON
Y047645,SPACER
Y047671,36 MM SQUARE NUT
Y047672,SPACER
Y04845401,WELDMENT
Y049129,
Y049130,
Y049131,
Y049502,FLANGE
Y049543,COVER
Y049547,
Y04954701,3 wks
Y050227,LINK
Y050301,PLATE
Y050963,SPACER
Y050964,SLIDE BAR
Y050965,
Y051343,
Y051345,
Y052470,BLOCK
Y052722,10 MM BOLT
Y052723,SPACER
Y052725,SPROCKET
Y052726,SPROCKET
Y052727,4 wks
Y052728,COVER
Y052729,CAP
Y052730,SHAFT
Y052731,
Y052732,
Y05273201,
Y052733,COVER
Y052734,
Y054664,
Y055512,
Y055692,PLATE
Y055874,
Y055875,
Y055876,
Y055877,
Y056158,
Y056159,
Y056688,RECK
Y057218,SHAFT
Y057273,
Y057603,
Y057652,BEARING RETAINER
Y057654,SHAFT
Y058254,SPACER
Y058255,NUT FOR GUIDE BAR
Y058256,SPACER
Y058257,SPACER
Y058582,ROLLER SHAFT
Y058624,PIN SUPPORT
Y058625,PIN
Y058634,SHAFT SPACER
Y059901,SPACER
Y059902,
Y059903,GUIDE
Y059908,ROLLER
Y059923,PLATE
Y060124,FLANGE
Y060149,ROLLER SHAFT
Y060387,LS PLATE
Y060388,
Y060469,SLEEVE
Y060470,
Y060480,FLANGE
Y060492,BOSS
Y060926,LS BRACKET
Y060950,
Y061237,FLAT KEY
Y061755,
Y062731,
Y062732,
Y063960,FLANGE
Y063978,FLANGE
Y064576,FITTING
Y064796,SHAFT
Y064797,SHAFT
Y065295,PLATE
Y065298,FLANGE
Y066882,ROLLER
Y066883,ROLLER FOR SAFETY GATE (1045)
Y066924,HEX THREADED
Y067485,3 wks
Y067509,12 MM SCREW
Y067510,12MM SCREW X 1.5 MM OFFSET
Y067511,ROLLER
Y068237,SHAFT GUIDE
Y068363,HUB
Y068383,COVER
Y068388,SHAFT FOR ROLLER
Y068389,ECCENTRIC SHAFT FOR ROLLER
Y069059,
Y069060,
Y069063,
Y069318,PLUNGER ROD
Y069389,BRACKET (RUSH)
Y069818,
Y069819,
Y069864,
Y0708006,SHAFT
Y071004,FLANGE
Y072129,FLANGE FOR C2G16
Y072156,FLANGE
Y072158,PLATE
Y072159,PLATE
Y072160,
Y074129,
Y074203,FLANGE
Y074205,BLOCK
Y074206,
Y074453,PISTON ROD
Y074919,FLANGE
Y074956,CLEVIS
Y074957,BRACKET
Y074974,SHAFT
Y074983,PIN
Y075051,PLUNGER ROD
Y075430,SPACER
Y075983,SHAFT
Y076184,
Y076339,PLUNGER ROD
Y076347,PLATE
Y078003,M36X2 NUT
Y078004,
Y078005,SHAFT
Y078007,SHAFT
Y078008,PART
Y078094,FLANGE
Y078096,COVER
Y078433,SPACER
Y078747,STOPPER
Y078748,NUT
Y078749,THREADED BUSHING
Y078814,SETTING PLATE
Y079961,ROLLER SHAFT
Y079962,ECCENTRIC PIN
Y080798,DOOR ROLLER
Y081669,
Y081769,PISTON ROD
Y082671,HOLDER
Y082672,PACKING GLAND
Y084103,BUSHING (OILESS 300 EQUIVALENT)
Y084104,OILESS BUSHING
Y084408,
Y084563,SPACER
Y085179-1,SHAFT
Y087215,SHAFT
Y088106,
Y088118,ROLLER
Y088150,
Y088190,GUIDE
Y088197,
Y088199,GUIDE
Y088420,BUSHING
Y088455,SPACER
Y088923,BRACKET
Y089908,
Y090016,
Y090018,
Y090189,PLUNGER ROD
Y090656,FLANGE
Y091873,
Y091978,RAIL
Y092120,CONNECTOR ROD
Y092205,AUXILIARY GUIDE BAR
Y092206,NUT FOR EJECTOR PISTON]
Y092207,NUT CAP FOR EJECTOR CYLINDER
Y092208,up to 3 wks
Y092256,"FLANGE ,FLAT"
Y093737,
Y095286,GUIDE
Y095287,RETAINER
Y095347,FRAME
Y095377,STRIP WASHER
Y095394,BUSHING
Y095821,SHAFT
Y09582101,
Y095822,SHAFT DBS500-800LR
Y095944,
Y096545,PLATE
Y096855,SPACER
Y096856,
Y096857,
Y096861,
Y096862,
Y096863,
Y096864,
Y096874,
Y097007,RETAINER
Y097010,COLLAR
Y097011,COLLAR
Y097389,MODIFIED LINER
Y097404,SPACER
Y097421,
Y097533,SPROCKET
Y097545,ROLLER
Y097550,SAPCER
Y097644,COVER
Y097783,
Y098302,BRACKET
Y098694,BUSHING
Y098695,P SQUARE KEY
Y098786,JOINT
Y098806,SPROCKET
Y098807,P SQUARE KEY
Y098809,P SQUARE KEY
Y098869,BUSHING
Y098998,
Y100369,COVER
Y100485,EJECTOR BUSHING
Y100851,COVER
Y100852,COVER
Y101024,SCREW
Y101047,LINK PIN
Y101055,SPECIAL KEY
Y101057,PLATE
Y101548,
Y102040,SPACER
Y102195,3 weeks
Y102296,PLUG
Y102600,CAP
Y102636,BLOCK
Y102651,ELECTRODE ROD
Y102652,ELECTRODE ROD
Y104280,PLATE
Y104628,
Y104629,
Y104665,SEAT PLATE
Y105036,OILES300 BUSHING WITH SLEEVE
Y105038,OILES300 BUSHING WITH SLEEVE
Y105063,
Y105170,STOPPER SHAFT
Y107319,BUSHING
Y107320,BUSHING
Y107321,BUSHING
Y107322,BUSHING
Y108053,
Y108788,RAIL
Y108789,BLOCK
Y109564,BUSHING
Y109565,BUSHING
Y110251,
Y112267,STOPPER
Y112268,CAP
Y112269,STOPPER PIN
Y113913,
Y113916,PLATE
Y115057,RAIL
Y115058,RAIL
Y115499,ROLLER
Y11596,
Y117939,STOPPER
Y118308,RAIL
Y118460,PART
Y118461,PART
Y119851,BUSHING
Y120400,COVER
Y121018,FLANGE
Y121885,LOCK PLATE
Y122303,BUSHING
Y122388,PLATE
Y122705,SHAFT SPACER
Y122707,JOINT
Y122746,
Y122747,
Y122748,
Y122749,
Y122750,
Y122752,
Y122753,
Y122754,
Y122756,
Y122757,
Y124044,ROLLER
Y124045,SHAFT
Y124052,
Y124126,BUSHING
Y124559,SLEEVE
Y125794,SHAFT
Y127393,3 WKS
Y131957,BRACKET
Y131958,PLATE
Y132076,ELECTRODE (CHROME)
Y132909,ROLLER
Y132910,ROLLER
Y133687,SLIDE SHAFT
Y135942,ROLLER
Y138506,COVER
Y141518,BUSHING
Y141519,BUSHING
Y141793,
Y142052,CYLINDER TUBE
Y142053,ROD
Y142086,LINK S
Y142087,LINK S
Y142088,LINK L
Y142089,BRACKET
Y14249,FLANGE
Y142911,
Y143280,RETAINER
Y143830,SHAFT
Y143831,SLEEVE w 10MM x 3.3 Internal Key
Y143832,SHAFT
Y143833,SHAFT
Y143929,SLIDE PLATE
Y144387,COVER (ROUNDED)
Y144388,PLATE
Y144389,PLATE
Y144932,FLANGED BUSHING
Y145769,SLIDE PLATE
Y145774,SLIDE PLATE
Y145775,RAIL
Y145778,RAIL
Y146165,SLIDE PLATE
Y146273,
Y147373,BRACKET
Y147374,RAIL
Y147749,MOUNT
Y150024,FITTING
Y150136,SENSOR SLEEVE
Y151581,SQUARE BLOCK X30 MM THK
Y152202,SLIDE PLATE DC650R-M
Y153402,SLIDE PLATE
Y153922,SLIDE PLATE
Y155231,BUSHING
Y155234,PLATE
Y155235,SLIDE PLATE
Y155237,RETAINER
Y155238,PLATE
Y155534,LINK
Y155567,PLATE
Y155816,SPACER
Y155864,SPACER RING
Y155866,BUSHING
Y155867,BUSHING
Y155868,BUSHING
Y155869,BUSHING
Y156256,SLIDE PLATE
Y156257,PLATE
Y156258,SPACER
Y156259,PLATE
Y156260,PLATE
Y156261,BRACKET
Y15626960,PLATE
Y157021,WELDED PIPE
Y157258,BRACKET
Y157511,
Y157610,
Y157805,FRAME
Y157806,FRAME
Y159238,
Y159365,LS PLATE
Y160389,OILES300 BUSHING W SLEEVE 80 MM
Y160762,PLATE
Y160876,SPACER
Y163816,COVER
Y167639-2,SHAFT
Y167709,PIN GUIDE
Y167710,SHAFT
Y167799,SENSOR COVER
Y170134,LID
Y171491,
Y171492,
Y171493,
Y171494,
Y171495,
Y173277,PIPE
Y173278,PIPE
Y174151,EJECTOR ROD
Y174882,COVER
Y178031,PLATE
Y181600,BLOCK
Y181601,PLATE
Y181602,PLATE
Y182383,BRACKET
Y183816,CONNECTOR ROD
Y183817,PLUNGER ROD
Y1845382,M16 SCREW
Y184582,M16 SCREW
Y184583,
Y184584,
Y185179-1,SHAFT
Y187193,SPACER PLATE
Y187363,PLATE (RUSH)
Y187945,LINER
Y188251,SPACER PLATE
Y189803,LINER
Y189831,SPACER  871G24 (DC3500CS3)
Y193537,DOG
Y194846,SPACER
Y194847,SPACER
Y194848,SPACER WELDMENT
Y194895,BUSHING
Y195905,SPACER
Y200013,COUPLING
Y200952,SLEEVE
Y530967,COVER
Y645756,FITTING
Y67455,
Y845822,M16 SCREW
YMY1329,JIG 2
